allotment	n	выделенная доля; надел; распределение
brisk	adj	бодрый, энергичный; быстрый (о шаге); свежий (о ветре)
devise	v	придумывать, изобретать; разрабатывать (план)
devour	v	пожирать; жадно поглощать (книгу, взглядом)
discard	v	выбрасывать; отбрасывать (идею); сбрасывать (карту)
ebb	v	убывать, спадать; отступать (об отливе)
graze	v	задеть, оцарапать; пастись; слегка коснуться
gully	n	овраг, промоина; сточная канава
hoard	v	накапливать, копить; припрятывать
irritable	adj	раздражительный, вспыльчивый
ledge	n	выступ, уступ (скалы); карниз, полка
ordnance	n	артиллерия; боеприпасы, военное снаряжение
procure	v	добывать, доставать; обеспечивать
reciprocal	adj	взаимный, обоюдный; ответный
secession	n	отделение, выход (из союза); раскол
slum	n	трущобы
subtlety	n	тонкость, нюанс; утончённость; хитрость
superfluous	adj	излишний, ненужный; избыточный
uneasy	adj	тревожный, беспокойный; неловкий (о тишине)
unorthodox	adj	нестандартный, необычный; неортодоксальный
wag	v	махать, вилять (хвостом); качать (головой)
eel	n	угорь
ripple	n	рябь, зыбь; волна (смеха); отголосок
facet	n	грань; аспект, сторона (вопроса)
intruder	n	незваный гость; нарушитель, взломщик
bombardment	n	бомбардировка, обстрел; град (вопросов)
hiss	v	шипеть; произносить шёпотом с злобой
shrug	v	пожимать плечами; отмахиваться (от чего-то)
tremble	v	дрожать, трястись; трепетать
cavern	n	пещера, большой грот
flicker	v	мерцать, мигать; промелькнуть (о мысли)
groan	v	стонать; скрипеть (о дереве); ворчать
crouch	v	пригибаться, приседать; припадать к земле
tumble	v	падать, валиться; кувыркаться; рушиться
amuse	v	забавлять, развлекать; смешить
howl	v	выть; вопить, реветь
infiltration	n	проникновение, внедрение; просачивание
stun	v	оглушать; ошеломлять, потрясать
cohort	n	когорта; группа, окружение; соратник
jolt	n	толчок, встряска; потрясение
humanoid	adj	человекоподобный; n — гуманоид
incline	v	склоняться, быть склонным; наклонять
sever	v	отрезать, отсекать; разрывать (связи)
awaken	v	пробуждать(ся); будить (интерес)
glare	v	злобно смотреть, сверлить взглядом; n — слепящий свет
betray	v	предавать; выдавать (чувства, тайну)
gasp	v	задыхаться, хватать воздух; ахнуть
swirl	v	кружиться, клубиться; n — водоворот, завиток
momentarily	adv	на мгновение; вот-вот, с минуты на минуту
shatter	v	разбивать вдребезги; разрушать (надежды)
widen	v	расширять(ся); распахиваться (о глазах)
slay	v	убивать, сражать
kidnap	v	похищать (человека)
cling	v	цепляться, льнуть; прилипать; держаться (за надежду)
hunch	n	предчувствие, догадка; v — горбиться
doubtless	adv	несомненно, без сомнения
sled	n	сани, салазки
crease	n	складка, сгиб; морщина
anarchist	n	анархист
bodyguard	n	телохранитель
lash	v	хлестать, стегать; привязывать; n — плеть, ресница
evade	v	уклоняться, избегать; ускользать
compose	v	составлять; сочинять; успокаивать (себя)
snort	v	фыркать; храпеть (о лошади)
shiver	v	дрожать (от холода, страха); n — дрожь, озноб
churn	v	бурлить, взбалтывать; сбивать (масло); n — маслобойка
shudder	v	содрогаться, вздрагивать; n — дрожь
subterranean	adj	подземный
bruise	n	синяк, ушиб; v — ушибить; ранить (чувства)
swoop	v	пикировать, налетать; n — внезапный налёт
shadowy	adj	тенистый, тёмный; смутный, неясный
brood	v	размышлять мрачно; высиживать; n — выводок
inhale	v	вдыхать
frown	v	хмуриться; n — хмурый взгляд
hover	v	парить, зависать (в воздухе); маячить рядом
adversary	n	противник, соперник
glide	v	скользить; планировать (в воздухе)
eyebrow	n	бровь
scatter	v	разбрасывать; рассеивать(ся), разбегаться
swarm	n	рой, стая; толпа; v — кишеть, роиться
flutter	v	трепетать, порхать; n — трепет, волнение
outlying	adj	отдалённый, окраинный
burrow	v	рыть нору; зарываться; n — нора
exhale	v	выдыхать
sentient	adj	разумный, чувствующий; обладающий сознанием
fatality	n	смертельный случай, жертва; фатальность
deflect	v	отклонять, отражать (удар); уводить (разговор)
deepen	v	углублять(ся); усиливаться
slumber	n	сон, дремота; v — дремать
cripple	v	калечить; подрывать (экономику); n — калека
quadrant	n	квадрант, четверть (круга); сектор
scramble	v	карабкаться; торопливо собираться; перемешивать; n — суматоха
newcomer	n	новичок, новоприбывший
admirable	adj	восхитительный, достойный восхищения
armament	n	вооружение, оружие
evasive	adj	уклончивый; избегающий
cubicle	n	кабинка, отсек; рабочее место за перегородкой
frighten	v	пугать, страшить
lurk	v	таиться, скрываться; затаиться в засаде
wield	v	владеть (оружием); обладать (властью); орудовать
lair	n	логово, берлога; убежище
trickle	v	сочиться, капать; n — струйка, тонкий поток
ordinarily	adv	обычно, как правило
proclaim	v	провозглашать, объявлять
straighten	v	выпрямлять(ся); приводить в порядок
pore	v	внимательно изучать (pore over); n — пора
purification	n	очищение, очистка
intimidate	v	запугивать, устрашать
intrigue	v	интриговать, заинтересовывать; n — интрига
soften	v	смягчать(ся); размягчать
designate	v	назначать; обозначать, называть
sparkle	v	сверкать, искриться; n — блеск, искра
graceful	adj	грациозный, изящный
carve	v	вырезать, высекать; разрезать (мясо); прокладывать (путь)
contemplate	v	созерцать; обдумывать, рассматривать (возможность)
stride	v	шагать широко; n — широкий шаг; прогресс
sniff	v	нюхать, принюхиваться; шмыгать носом
checklist	n	контрольный список, чек-лист
cascade	n	каскад, водопад; v — литься каскадом
crave	v	страстно желать, жаждать
politely	adv	вежливо, учтиво
slit	n	щель, прорезь; v — разрезать, прорезать
scalp	n	кожа головы; скальп
ancestor	n	предок
dine	v	обедать, ужинать
dissolve	v	растворять(ся); распускать (парламент); исчезать
plunge	v	нырять, погружаться; резко падать; n — падение
weaken	v	ослаблять, ослабевать
amazement	n	изумление
wobble	v	шататься, качаться; дрожать (о голосе)
decadent	adj	упадочный, декадентский; пресыщенный
extinguish	v	гасить, тушить; уничтожать (надежду)
radiance	n	сияние, свечение; лучезарность
cocoon	n	кокон; v — укутывать, оберегать
avert	v	предотвращать; отводить (взгляд)
growl	v	рычать; ворчать; n — рык
grunt	v	хрюкать; бурчать, ворчать; n — ворчание
overwhelm	v	подавлять, ошеломлять; захлёстывать; одолевать
sharpen	v	точить, заострять; обострять(ся)
thrash	v	молотить, бить; метаться; разгромить
desolate	adj	заброшенный, пустынный; безутешный
ration	n	паёк, порция; v — нормировать
confer	v	совещаться; присваивать (звание), даровать
expanse	n	простор, ширь; пространство
disarm	v	разоружать; обезоруживать (улыбкой)
yellowish	adj	желтоватый
emit	v	испускать, излучать; издавать (звук)
dismay	n	смятение, тревога; v — приводить в смятение
nervously	adv	нервно, беспокойно
forearm	n	предплечье
rupture	n	разрыв, прорыв; v — разрывать(ся)
specialize	v	специализироваться
splinter	n	щепка, заноза; осколок; v — раскалываться
mockery	n	насмешка, издёвка; пародия, фарс
silhouette	n	силуэт, очертания
relish	v	наслаждаться, смаковать; n — удовольствие; приправа
interstellar	adj	межзвёздный
casing	n	корпус, кожух; оболочка
fiercely	adv	яростно, свирепо; отчаянно
pleasantly	adv	приятно, любезно
slump	v	оседать, тяжело опускаться; резко падать; n — спад
wrench	v	вырывать, выкручивать; n — гаечный ключ; рывок
chatter	v	болтать; стучать (о зубах); n — болтовня
infancy	n	младенчество; зачаточное состояние
inquire	v	спрашивать, осведомляться; расследовать
soar	v	парить, взмывать; резко расти
barren	adj	бесплодный; пустынный, голый
evasion	n	уклонение; увёртка
stumble	v	спотыкаться; запинаться; наткнуться (на что-то)
disbelief	n	неверие; недоверие
berth	n	койка, спальное место; причал
bunk	n	койка, нары
applaud	v	аплодировать; одобрять
siren	n	сирена (сигнал); сирена (мифологическая)
suffice	v	быть достаточным, хватать
fabrication	n	выдумка, фальшивка; изготовление
thug	n	головорез, бандит
eagerly	adv	с нетерпением, охотно, жадно
refinery	n	нефтеперерабатывающий завод; очистительный завод
shuffle	v	шаркать; тасовать (карты); переставлять
yank	v	дёргать, рвануть; n — рывок
furnishing	n	обстановка, меблировка (обычно во мн. ч.)
juggle	v	жонглировать; совмещать (дела)
nervousness	n	нервозность, беспокойство
jag	n	зазубрина, острый выступ
tremor	n	дрожь, трепет; подземный толчок
nimble	adj	проворный, ловкий; живой (об уме)
distort	v	искажать; искривлять
improvisation	n	импровизация
flurry	n	шквал, вихрь (снега, активности); суматоха
neutralize	v	нейтрализовать; обезвреживать
wrinkle	n	морщина, складка; v — морщить(ся)
deteriorate	v	ухудшаться, портиться; разрушаться
intensify	v	усиливать(ся), обострять(ся)
walkway	n	дорожка, проход; пешеходный мостик
geothermal	adj	геотермальный
saber	n	сабля; шашка
shaggy	adj	лохматый, косматый
rejoin	v	воссоединяться; возвращаться (в строй); парировать (в ответе)
curiously	adv	с любопытством; как ни странно
translucent	adj	полупрозрачный
revolve	v	вращаться; revolve around — вертеться вокруг (темы)
whirlwind	n	вихрь, смерч; adj — стремительный
snare	n	ловушка, силок; v — поймать в ловушку
secretive	adj	скрытный
imaginable	adj	вообразимый, мыслимый
simmer	v	кипеть на медленном огне; закипать (от злости)
fray	n	драка, схватка; v — изнашиваться, обтрёпываться
refine	v	очищать; совершенствовать, оттачивать
whine	v	скулить, ныть; жужжать (о моторе); n — нытьё
collide	v	сталкиваться
excite	v	возбуждать, волновать; вызывать (интерес)
bulky	adj	громоздкий, объёмистый
descendant	n	потомок
illuminate	v	освещать; прояснять, проливать свет
toxin	n	токсин, яд
viper	n	гадюка; змея (о человеке)
rendezvous	n	встреча, свидание; место встречи; v — встречаться
shred	v	рвать в клочья; измельчать; n — клочок, обрывок
agility	n	ловкость, проворство; живость (ума)
regal	adj	царственный, величественный
oily	adj	маслянистый, жирный; елейный (о тоне)
ponder	v	размышлять, обдумывать
rattle	v	греметь, дребезжать; смущать, нервировать; n — треск
fodder	n	корм (для скота); сырьё, пища (для сплетен)
fumble	v	шарить, нащупывать; неловко обращаться; мямлить
anguish	n	мука, страдание, боль
moan	v	стонать; ныть, жаловаться; n — стон
originate	v	происходить, брать начало; порождать
gland	n	железа (орган)
hillside	n	склон холма
scrape	v	скрести, соскабливать; царапать; n — царапина; передряга
traverse	v	пересекать, преодолевать (местность)
embarrass	v	смущать, ставить в неловкое положение
camouflage	n	камуфляж, маскировка; v — маскировать
densely	adv	плотно, густо
override	v	отменять (решение); перекрывать; n — ручное управление
ache	v	болеть, ныть; тосковать; n — боль
limp	v	хромать; adj — вялый, обмякший
mundane	adj	обыденный, приземлённый; мирской
