aristocratic	adj	аристократический
budge	v	сдвинуться с места; уступить
clout	n	влияние, вес; затрещина
corny	adj	банальный, избитый, слащавый
crucible	n	тигель; суровое испытание
cryptic	adj	загадочный, зашифрованный
diligent	adj	прилежный, старательный
fanatic	n	фанатик
horde	n	орда, полчище, толпа
ingenuity	n	изобретательность
parchment	n	пергамент
puncture	n	прокол; v — прокалывать
renegade	n	ренегат, отступник
sash	n	пояс, кушак; лента через плечо
sludge	n	ил, грязь, осадок
unfounded	adj	необоснованный
valor	n	доблесть, отвага
vernacular	n	просторечие, местный язык
abrasive	adj	абразивный; резкий, грубый (о манере)
calamity	n	бедствие, катастрофа
craftsman	n	ремесленник, мастер
crunchy	adj	хрустящий
effortlessly	adv	без усилий, легко
erroneous	adj	ошибочный
frivolous	adj	легкомысленный, несерьёзный
giddy	adj	головокружительный; легкомысленный, в восторге
knuckle	n	костяшка пальца
madman	n	безумец
melee	n	свалка, рукопашная, потасовка
ploy	n	уловка, манёвр
presumption	n	предположение; самонадеянность
reverence	n	почтение, благоговение
signify	v	означать, значить
sketchy	adj	отрывочный, неполный; сомнительный
armchair	n	кресло
clutter	n	беспорядок, хлам; v — загромождать
crafty	adj	хитрый, ловкий
defiant	adj	вызывающий, непокорный
drawback	n	недостаток, минус
eloquent	adj	красноречивый
fallacy	n	заблуждение, ложный довод
feeble	adj	слабый, хилый; неубедительный
fend	v	отражать (fend off); fend for oneself — справляться самому
flake	n	хлопья, чешуйка; ненадёжный человек
gallant	adj	галантный; храбрый
hermit	n	отшельник
mingle	v	смешиваться; общаться (на вечеринке)
pave	v	мостить; pave the way — прокладывать путь
prolong	v	продлевать
rowdy	adj	буйный, шумный
subversive	adj	подрывной, крамольный
superstition	n	суеверие
tramp	n	бродяга; v — брести, топать
affirm	v	утверждать, подтверждать
airy	adj	воздушный, просторный; легкомысленный
anecdote	n	анекдот (случай из жизни), байка
appease	v	умиротворять, задабривать
aptitude	n	способность, склонность
clockwise	adv	по часовой стрелке
courteous	adj	учтивый, вежливый
deplorable	adj	плачевный, прискорбный
detour	n	объезд, крюк
enlarge	v	увеличивать
fluff	n	пух, пушинка; ерунда
frosty	adj	морозный; холодный (о приёме)
germ	n	микроб; зародыш (идеи)
heartache	n	душевная боль, сердечная мука
staunch	adj	стойкий, верный
unparalleled	adj	беспримерный, непревзойдённый
vocation	n	призвание
carefree	adj	беззаботный
chandelier	n	люстра
complacent	adj	самодовольный, благодушный
courtship	n	ухаживание
craven	adj	трусливый, малодушный
deprive	v	лишать
entourage	n	свита, окружение
epoch	n	эпоха
exaggerate	v	преувеличивать
forgery	n	подделка, подлог
gimmick	n	трюк, уловка, фишка
impromptu	adj	импровизированный, без подготовки
lewd	adj	похотливый, непристойный
notoriety	n	дурная слава
nutty	adj	чокнутый; ореховый
ornate	adj	богато украшенный, витиеватый
palpable	adj	ощутимый, осязаемый
perpetuate	v	увековечивать, закреплять
plume	n	перо, плюмаж; шлейф (дыма)
renounce	v	отрекаться, отказываться
scourge	n	бич, бедствие
shrub	n	куст, кустарник
sneeze	v	чихать
sobriety	n	трезвость
zest	n	энтузиазм, вкус к жизни; цедра
allege	v	утверждать (бездоказательно), заявлять
brazen	adj	наглый, бесстыдный
bumpy	adj	ухабистый, тряский
composure	n	самообладание, хладнокровие
demolish	v	сносить, разрушать; разгромить
dilute	v	разбавлять, ослаблять
foresee	v	предвидеть
gist	n	суть, сущность
handkerchief	n	носовой платок
repulsive	adj	отталкивающий, отвратительный
soothe	v	успокаивать, утешать; смягчать (боль)
tacky	adj	безвкусный, дешёвый; липкий
thaw	v	таять, оттаивать; n — оттепель
vulture	n	стервятник, гриф
animosity	n	враждебность, неприязнь
condone	v	мириться с, попустительствовать
embody	v	воплощать
grate	v	тереть (на тёрке); раздражать (grate on); n — решётка
incomprehensible	adj	непостижимый, непонятный
intolerable	adj	невыносимый
leech	n	пиявка; кровопийца (о человеке)
miserably	adv	жалко, ужасно; с треском (провалиться)
nifty	adj	ловкий, удобный, классный
rapport	n	взаимопонимание, контакт
rapture	n	восторг, упоение
rectify	v	исправлять
rudimentary	adj	элементарный, зачаточный
shawl	n	шаль
shroud	n	саван, пелена; v — окутывать
vehemently	adv	яростно, страстно
vendetta	n	вендетта, кровная месть
amplify	v	усиливать
cumbersome	adj	громоздкий, обременительный
curt	adj	резкий, отрывистый (об ответе)
infer	v	делать вывод, заключать
nugget	n	самородок; крупица (мудрости)
propensity	n	склонность
sheath	n	ножны, чехол, оболочка
tycoon	n	магнат
uncontrollable	adj	неуправляемый, неудержимый
vertigo	n	головокружение
allure	n	обаяние, притягательность
caveat	n	оговорка, предостережение
chore	n	рутинная работа, домашние дела
circumvent	v	обходить (правила, препятствие)
clique	n	клика, узкий кружок
cranky	adj	капризный, раздражительный
drizzle	n	морось, мелкий дождь
entice	v	заманивать, соблазнять
fortitude	n	стойкость, сила духа
hitherto	adv	до сих пор, доныне
kindred	adj	родственный (kindred spirit — родственная душа)
rife	adj	изобилующий, распространённый (rife with)
starry	adj	звёздный
stoic	adj	стоический, невозмутимый
tombstone	n	надгробие
wholeheartedly	adv	всем сердцем, безоговорочно
zenith	n	зенит, вершина
atrocious	adj	ужасный, зверский
chime	v	звонить (о колоколах); chime in — вставить слово
cordon	n	кордон, оцепление
decipher	v	расшифровывать, разбирать
delve	v	углубляться, копаться (в теме)
fluke	n	случайная удача, везение
gauntlet	n	латная перчатка; run the gauntlet — пройти сквозь строй
habitual	adj	привычный, закоренелый
hammock	n	гамак
hazy	adj	туманный, мглистый; смутный
impede	v	препятствовать, затруднять
proverb	n	пословица
refute	v	опровергать
soggy	adj	сырой, промокший, раскисший
sorcerer	n	колдун, чародей
steadfast	adj	непоколебимый, стойкий
stoop	v	наклоняться, сутулиться; опускаться (до чего-то)
tranquil	adj	спокойный, безмятежный
unsuspecting	adj	ничего не подозревающий
vacate	v	освобождать (помещение), покидать
astray	adv	сбившись с пути (go astray — заблудиться)
commotion	n	суматоха, переполох
inept	adj	неумелый, бездарный
inexplicable	adj	необъяснимый
preposterous	adj	абсурдный, нелепый
quirk	n	причуда, странность
rabid	adj	бешеный; оголтелый
reiterate	v	повторять, вновь заявлять
scorn	n	презрение; v — презирать
stampede	n	паническое бегство, давка
tantrum	n	истерика, вспышка гнева
upheaval	n	потрясение, переворот
veneer	n	шпон; внешний лоск, видимость
altercation	n	перепалка, стычка
breezy	adj	свежий, ветреный; беззаботный
cipher	n	шифр; ноль, пустое место
fickle	adj	непостоянный, переменчивый
forage	v	добывать корм, рыскать в поисках еды
fraught	adj	полный (опасностей), напряжённый
grapple	v	бороться, схватиться; grapple with — биться над
relinquish	v	отказываться, выпускать из рук
resolute	adj	решительный, непоколебимый
salient	adj	важнейший, бросающийся в глаза
strenuous	adj	напряжённый, требующий усилий
wondrous	adj	чудесный, дивный
affliction	n	недуг, страдание
cowardice	n	трусость
dispense	v	раздавать, выдавать; dispense with — обходиться без
enigmatic	adj	загадочный
frugal	adj	бережливый, скромный
nightfall	n	наступление ночи, сумерки
pang	n	внезапная острая боль; укол (совести)
scapegoat	n	козёл отпущения
shrewd	adj	проницательный, расчётливый
spout	v	извергать, бить струёй; разглагольствовать; n — носик (чайника)
tenacity	n	упорство, цепкость
trespass	v	вторгаться (в чужие владения); n — проступок
brazenly	adv	нагло, бесстыдно
conjure	v	колдовать; вызывать в воображении (conjure up)
cordial	adj	сердечный, радушный
crypt	n	склеп
dispel	v	рассеивать (сомнения, страхи)
egregious	adj	вопиющий
elicit	v	вызывать (реакцию), добиваться (ответа)
fiend	n	злодей, изверг; фанат (чего-то)
fledgling	n	оперившийся птенец; новичок; adj — неоперившийся
flimsy	adj	хлипкий, непрочный; неубедительный
gullible	adj	легковерный, доверчивый
gust	n	порыв (ветра)
hearth	n	очаг
jeopardize	v	ставить под угрозу
pastime	n	времяпрепровождение, развлечение
pesky	adj	надоедливый, докучливый
plunder	v	грабить, разграблять; n — добыча
scant	adj	скудный
semblance	n	подобие, видимость
sloth	n	лень; ленивец
snug	adj	уютный; плотно прилегающий
whimsical	adj	причудливый, с прихотью
auspicious	adj	благоприятный, многообещающий
barricade	n	баррикада
benefactor	n	благодетель
diminutive	adj	крошечный, миниатюрный
emphatic	adj	выразительный, решительный, подчёркнутый
foyer	n	фойе, вестибюль
gait	n	походка, поступь
grime	n	грязь, копоть
heyday	n	расцвет, лучшая пора
indulgent	adj	снисходительный, потакающий
lonesome	adj	одинокий, тоскливый
lukewarm	adj	тепловатый; прохладный (об отношении)
nuance	n	нюанс, оттенок
obstruct	v	загораживать, препятствовать
revere	v	глубоко почитать, благоговеть
wayward	adj	своенравный, непослушный
beset	v	осаждать, одолевать (о трудностях)
dreary	adj	тоскливый, унылый
hatchet	n	топорик; bury the hatchet — помириться
indignation	n	негодование, возмущение
lullaby	n	колыбельная
momentary	adj	мгновенный, кратковременный
nascent	adj	зарождающийся
prerogative	n	прерогатива, исключительное право
prudence	n	благоразумие, осторожность
slimy	adj	склизкий, слизистый; подобострастный
snout	n	рыло, морда
specter	n	призрак, спектр (угрозы)
tact	n	такт, тактичность
tiresome	adj	утомительный, надоедливый
unmistakable	adj	безошибочный, очевидный
adrift	adj	дрейфующий, без цели
dainty	adj	изящный, изысканный; привередливый
destitute	adj	нищий, обездоленный
excruciating	adj	мучительный, невыносимый
flamboyant	adj	яркий, броский, экстравагантный
innocuous	adj	безобидный, безвредный
pompous	adj	напыщенный, помпезный
solicit	v	выпрашивать, добиваться; ходатайствовать
succumb	v	поддаваться, уступать; погибать (от болезни)
tumultuous	adj	бурный, буйный
bosom	n	грудь, лоно; adj — закадычный (bosom friend)
crux	n	суть, самое главное
deluge	n	потоп, ливень; поток (писем)
errand	n	поручение, дело (run errands)
fervor	n	пыл, рвение
impediment	n	препятствие, помеха
masquerade	n	маскарад; v — выдавать себя (за)
splendor	n	великолепие, блеск
standstill	n	полная остановка, тупик
belligerent	adj	воинственный, агрессивный
decoy	n	приманка, подсадная утка
fervent	adj	пылкий, горячий
fussy	adj	суетливый; привередливый
headway	n	продвижение (make headway)
hearsay	n	слухи, молва
idyllic	adj	идиллический
intrepid	adj	бесстрашный
shoddy	adj	низкопробный, халтурный
sleazy	adj	убогий, грязный; скользкий (о типе)
snuggle	v	прижиматься, уютно устраиваться
trove	n	клад, сокровищница (treasure trove)
alienate	v	отталкивать, отчуждать
apprehensive	adj	тревожный, опасающийся
atrocity	n	зверство
blot	n	клякса, пятно; v — промокать
bode	v	предвещать (bode well / ill)
daybreak	n	рассвет
devious	adj	коварный, изворотливый; окольный
erode	v	размывать, разрушать (постепенно)
evocative	adj	вызывающий воспоминания, выразительный
gallop	v	скакать галопом
incessant	adj	непрерывный, беспрестанный
innumerable	adj	бесчисленный
insular	adj	замкнутый, ограниченный; островной
insurmountable	adj	непреодолимый
nourishment	n	питание, пища
preclude	v	исключать, предотвращать
quintessential	adj	типичнейший, квинтэссенция
scavenger	n	падальщик; мусорщик
stingy	adj	скупой
stuffy	adj	душный; чопорный
twig	n	веточка, прутик
varnish	n	лак; v — лакировать, приукрашивать
vigor	n	сила, энергия, бодрость
bystander	n	сторонний наблюдатель, прохожий
duress	n	принуждение (under duress)
earthy	adj	земной, приземлённый; грубоватый
eulogy	n	надгробная речь, хвалебная речь
methodical	adj	методичный
mince	v	рубить (мясо); mince words — смягчать выражения
sift	v	просеивать; тщательно разбирать (sift through)
soot	n	сажа, копоть
sumptuous	adj	роскошный, пышный
tenuous	adj	слабый, незначительный, шаткий (о связи)
adorn	v	украшать
ambivalent	adj	двойственный, противоречивый (об отношении)
berserk	adj	обезумевший (go berserk)
cheery	adj	весёлый, бодрый
crusty	adj	с хрустящей коркой; ворчливый
detract	v	умалять, отвлекать (detract from)
dissuade	v	отговаривать
drab	adj	серый, унылый, бесцветный
enmity	n	вражда
exorbitant	adj	непомерный (о цене)
flagrant	adj	вопиющий, возмутительный
hindrance	n	помеха, препятствие
irreplaceable	adj	незаменимый
ruddy	adj	румяный, красноватый
seer	n	провидец, пророк
skew	v	искажать, перекашивать
unforgivable	adj	непростительный
unwavering	adj	непоколебимый
veritable	adj	настоящий, сущий
abject	adj	жалкий, униженный; крайний (о нищете)
austere	adj	суровый, строгий, аскетичный
buoy	n	буй; v — поддерживать (на плаву), ободрять
fowl	n	домашняя птица
gusto	n	смак, удовольствие (with gusto)
heretic	n	еретик
infernal	adj	адский, дьявольский
nefarious	adj	гнусный, злодейский
quell	v	подавлять (мятеж, страх)
travesty	n	пародия, издевательство (над правосудием)
vengeful	adj	мстительный
